count,planning_time
0,7.117739
1,7.244853
2,7.096735
