count,planning_time
0,0.115245
1,0.127517
2,0.101726
