count,planning_time
0,7.096162
1,7.103666
2,7.100539
